{"reason":"benchmark-complete","id":"exponentiate/witness","report_directory":"/home/ec2-user/zk-Harness/frameworks/starky_circuits/target/criterion/reports/exponentiate/witness","iteration_count":[305,610,915,1220,1525,1830,2135,2440,2745,3050],"measured_values":[91370733.0,182663222.0,274042595.0,365320732.0,456762957.0,548180771.0,639682941.0,730425842.0,821606135.0,913489195.0],"unit":"ns","throughput":[],"typical":{"estimate":299455.32713647006,"lower_bound":299372.1362815841,"upper_bound":299547.14150629606,"unit":"ns"},"mean":{"estimate":299482.3309807442,"lower_bound":299423.7506102004,"upper_bound":299535.84164558945,"unit":"ns"},"median":{"estimate":299502.3789617487,"lower_bound":299401.37909836066,"upper_bound":299552.3338797814,"unit":"ns"},"median_abs_dev":{"estimate":84.23395801280606,"lower_bound":12.297640175119978,"upper_bound":164.06487766104217,"unit":"ns"},"slope":{"estimate":299455.32713647006,"lower_bound":299372.1362815841,"upper_bound":299547.14150629606,"unit":"ns"},"change":{"mean":{"estimate":0.6010382465115129,"lower_bound":0.5970657230044342,"upper_bound":0.6053725545273068,"unit":"%"},"median":{"estimate":0.6024499093387472,"lower_bound":0.5938662953437261,"upper_bound":0.6057387145572692,"unit":"%"},"change":"Regressed"}}
{"reason":"benchmark-complete","id":"exponentiate/prove","report_directory":"/home/ec2-user/zk-Harness/frameworks/starky_circuits/target/criterion/reports/exponentiate/prove","iteration_count":[1,2,3,4,5,6,7,8,9,10],"measured_values":[272709335.0,322576103.0,608413212.0,552114214.0,1167109401.0,1117067513.0,1169461505.0,1521305092.0,1739566138.0,1947124072.0],"unit":"ns","throughput":[],"typical":{"estimate":189541603.50389612,"lower_bound":177368789.39712918,"upper_bound":199482848.80115274,"unit":"ns"},"mean":{"estimate":193965674.24634922,"lower_bound":173129905.06830558,"upper_bound":217529616.87444443,"unit":"ns"},"median":{"estimate":191724131.4722222,"lower_bound":167065929.2857143,"upper_bound":214067143.7,"unit":"ns"},"median_abs_dev":{"estimate":26492930.835356448,"lower_bound":3372374.310038401,"upper_bound":60763037.96095043,"unit":"ns"},"slope":{"estimate":189541603.50389612,"lower_bound":177368789.39712918,"upper_bound":199482848.80115274,"unit":"ns"},"change":{"mean":{"estimate":0.5704221912869576,"lower_bound":0.025371117548739,"upper_bound":1.8779668754969179,"unit":"%"},"median":{"estimate":1.0302453815901256,"lower_bound":-0.16057841026219577,"upper_bound":4.331540455574515,"unit":"%"},"change":"NoChange"}}
{"reason":"benchmark-complete","id":"exponentiate/verify","report_directory":"/home/ec2-user/zk-Harness/frameworks/starky_circuits/target/criterion/reports/exponentiate/verify","iteration_count":[11,22,33,44,55,66,77,88,99,110],"measured_values":[92565149.0,185114922.0,277868658.0,370321610.0,462837298.0,555360265.0,648021448.0,740624882.0,833171709.0,925690657.0],"unit":"ns","throughput":[],"typical":{"estimate":8415734.741440378,"lower_bound":8415327.535587551,"upper_bound":8416234.351705723,"unit":"ns"},"mean":{"estimate":8415906.410194803,"lower_bound":8415102.857890692,"upper_bound":8417019.867619045,"unit":"ns"},"median":{"estimate":8415616.285064936,"lower_bound":8414886.534848485,"upper_bound":8416191.840909092,"unit":"ns"},"median_abs_dev":{"estimate":873.4704049483502,"lower_bound":243.7986434002727,"upper_bound":1717.2225426967143,"unit":"ns"},"slope":{"estimate":8415734.741440378,"lower_bound":8415327.535587551,"upper_bound":8416234.351705723,"unit":"ns"},"change":{"mean":{"estimate":0.16649621708486895,"lower_bound":0.1662729685112985,"upper_bound":0.16674363620241336,"unit":"%"},"median":{"estimate":0.16635326684000606,"lower_bound":0.16614440662881802,"upper_bound":0.16671886693125204,"unit":"%"},"change":"Regressed"}}
{"reason":"group-complete","group_name":"exponentiate","benchmarks":["exponentiate/witness","exponentiate/prove","exponentiate/verify"],"report_directory":"/home/ec2-user/zk-Harness/frameworks/starky_circuits/target/criterion/reports/exponentiate"}
