{"reason":"benchmark-complete","id":"exponentiate/witness","report_directory":"/home/ec2-user/zk-Harness/zk-Harness/frameworks/starky_circuits/target/criterion/reports/exponentiate/witness","iteration_count":[566,1132,1698,2264,2830,3396,3962,4528,5094,5660],"measured_values":[91050317.0,182552702.0,275587797.0,365200430.0,456901664.0,549048878.0,639857905.0,733022851.0,823247636.0,916987562.0],"unit":"ns","throughput":[],"typical":{"estimate":161740.23636822542,"lower_bound":161538.0169014362,"upper_bound":161899.8836400844,"unit":"ns"},"mean":{"estimate":161587.40245702225,"lower_bound":161345.69882887433,"upper_bound":161828.50030084414,"unit":"ns"},"median":{"estimate":161554.97499859778,"lower_bound":161307.61042402827,"upper_bound":161886.67204063604,"unit":"ns"},"median_abs_dev":{"estimate":397.85701057500256,"lower_bound":120.0051460909114,"upper_bound":726.2149832319534,"unit":"ns"},"slope":{"estimate":161740.23636822542,"lower_bound":161538.0169014362,"upper_bound":161899.8836400844,"unit":"ns"},"change":{"mean":{"estimate":0.30227118525153274,"lower_bound":0.2585240172007962,"upper_bound":0.3577275163423135,"unit":"%"},"median":{"estimate":0.24355969902028907,"lower_bound":0.2414139750732054,"upper_bound":0.4282331384750282,"unit":"%"},"change":"Regressed"}}
{"reason":"benchmark-complete","id":"exponentiate/prove","report_directory":"/home/ec2-user/zk-Harness/zk-Harness/frameworks/starky_circuits/target/criterion/reports/exponentiate/prove","iteration_count":[1,2,3,4,5,6,7,8,9,10],"measured_values":[81504056.0,231807784.0,270574256.0,438038348.0,340062136.0,753109466.0,714560549.0,694552685.0,1195979648.0,765308334.0],"unit":"ns","throughput":[],"typical":{"estimate":99488853.9090909,"lower_bound":82501667.33665338,"upper_bound":119714783.51526718,"unit":"ns"},"mean":{"estimate":98895625.0209127,"lower_bound":86160180.75384128,"upper_bound":111688235.65422125,"unit":"ns"},"median":{"estimate":96135748.54761904,"lower_bound":81504056.0,"upper_bound":117513915.66666666,"unit":"ns"},"median_abs_dev":{"estimate":25379596.83390208,"lower_bound":6439941.8304681815,"upper_bound":35501942.22595453,"unit":"ns"},"slope":{"estimate":99488853.9090909,"lower_bound":82501667.33665338,"upper_bound":119714783.51526718,"unit":"ns"},"change":{"mean":{"estimate":1.3304999451574009,"lower_bound":0.7889400615455703,"upper_bound":2.1350667697507966,"unit":"%"},"median":{"estimate":1.863726231034542,"lower_bound":0.5958400547296592,"upper_bound":2.807439084365421,"unit":"%"},"change":"Regressed"}}
{"reason":"benchmark-complete","id":"exponentiate/verify","report_directory":"/home/ec2-user/zk-Harness/zk-Harness/frameworks/starky_circuits/target/criterion/reports/exponentiate/verify","iteration_count":[23,46,69,92,115,138,161,184,207,230],"measured_values":[91390711.0,182790513.0,274037582.0,365406569.0,456828507.0,548177003.0,639685523.0,730534318.0,822044684.0,913282549.0],"unit":"ns","throughput":[],"typical":{"estimate":3971452.9828345566,"lower_bound":3970886.0392675283,"upper_bound":3972410.564371511,"unit":"ns"},"mean":{"estimate":3972082.5855003456,"lower_bound":3971398.038695652,"upper_bound":3972766.830107919,"unit":"ns"},"median":{"estimate":3972053.827898551,"lower_bound":3971230.3574879225,"upper_bound":3973202.0062111802,"unit":"ns"},"median_abs_dev":{"estimate":1461.5831726026488,"lower_bound":372.6858825138877,"upper_bound":2012.9872220883178,"unit":"ns"},"slope":{"estimate":3971452.9828345566,"lower_bound":3970886.0392675283,"upper_bound":3972410.564371511,"unit":"ns"},"change":{"mean":{"estimate":0.15301231973410223,"lower_bound":0.15276714708256986,"upper_bound":0.15327342910709618,"unit":"%"},"median":{"estimate":0.15301172095252724,"lower_bound":0.1526967434297406,"upper_bound":0.15341124325306232,"unit":"%"},"change":"Regressed"}}
{"reason":"group-complete","group_name":"exponentiate","benchmarks":["exponentiate/witness","exponentiate/prove","exponentiate/verify"],"report_directory":"/home/ec2-user/zk-Harness/zk-Harness/frameworks/starky_circuits/target/criterion/reports/exponentiate"}
