{"reason":"benchmark-complete","id":"exponentiate/witness","report_directory":"/home/ec2-user/zk-Harness/zk-Harness/frameworks/starky_circuits/target/criterion/reports/exponentiate/witness","iteration_count":[56,112,168,224,280,336,392,448,504,560],"measured_values":[91666665.0,183194169.0,275681998.0,366282580.0,458334875.0,549201512.0,641134969.0,733039819.0,824845445.0,917153414.0],"unit":"ns","throughput":[],"typical":{"estimate":1636573.3415584415,"lower_bound":1635678.2890667762,"upper_bound":1637320.1270916914,"unit":"ns"},"mean":{"estimate":1636632.9940851755,"lower_bound":1635723.2557043652,"upper_bound":1637783.8883985258,"unit":"ns"},"median":{"estimate":1636423.8505704366,"lower_bound":1635426.15625,"upper_bound":1637186.0293650795,"unit":"ns"},"median_abs_dev":{"estimate":1213.5730315055393,"lower_bound":231.40620422511225,"upper_bound":2343.579292381497,"unit":"ns"},"slope":{"estimate":1636573.3415584415,"lower_bound":1635678.2890667762,"upper_bound":1637320.1270916914,"unit":"ns"},"change":{"mean":{"estimate":0.4945805287576652,"lower_bound":0.4930404317034345,"upper_bound":0.4962518167335385,"unit":"%"},"median":{"estimate":0.4939159133383275,"lower_bound":0.49255316432841423,"upper_bound":0.4967958040696101,"unit":"%"},"change":"Regressed"}}
{"reason":"benchmark-complete","id":"exponentiate/prove","report_directory":"/home/ec2-user/zk-Harness/zk-Harness/frameworks/starky_circuits/target/criterion/reports/exponentiate/prove","iteration_count":[1,2,3,4,5,6,7,8,9,10],"measured_values":[85758929.0,239086975.0,757464764.0,572368018.0,858778479.0,1347314589.0,1263249547.0,1201114581.0,1377656749.0,1535165874.0],"unit":"ns","throughput":[],"typical":{"estimate":165469641.8961039,"lower_bound":153297959.46086955,"upper_bound":187901251.90432099,"unit":"ns"},"mean":{"estimate":163438390.6102778,"lower_bound":136137319.4025,"upper_bound":192622072.44535413,"unit":"ns"},"median":{"estimate":153294779.75555557,"lower_bound":134841405.0625,"upper_bound":198154063.65,"unit":"ns"},"median_abs_dev":{"estimate":33825783.257725626,"lower_bound":2832418.3410753696,"upper_bound":81095438.80881816,"unit":"ns"},"slope":{"estimate":165469641.8961039,"lower_bound":153297959.46086955,"upper_bound":187901251.90432099,"unit":"ns"},"change":{"mean":{"estimate":-0.2478017239470045,"lower_bound":-0.417502057083617,"upper_bound":-0.04219063913882077,"unit":"%"},"median":{"estimate":-0.27610106431545367,"lower_bound":-0.464545841836873,"upper_bound":0.0456104794652894,"unit":"%"},"change":"Improved"}}
{"reason":"benchmark-complete","id":"exponentiate/verify","report_directory":"/home/ec2-user/zk-Harness/zk-Harness/frameworks/starky_circuits/target/criterion/reports/exponentiate/verify","iteration_count":[13,26,39,52,65,78,91,104,117,130],"measured_values":[97839137.0,195641330.0,293367508.0,391167255.0,489117684.0,587015968.0,684591199.0,782672092.0,880230661.0,977567779.0],"unit":"ns","throughput":[],"typical":{"estimate":7523046.241158841,"lower_bound":7521270.059958168,"upper_bound":7524986.184034833,"unit":"ns"},"mean":{"estimate":7523794.27263126,"lower_bound":7522570.466605616,"upper_bound":7524915.124059829,"unit":"ns"},"median":{"estimate":7524002.76068376,"lower_bound":7522447.211538462,"upper_bound":7525693.192307692,"unit":"ns"},"median_abs_dev":{"estimate":2406.2455015108408,"lower_bound":327.51773880203575,"upper_bound":3756.310043568337,"unit":"ns"},"slope":{"estimate":7523046.241158841,"lower_bound":7521270.059958168,"upper_bound":7524986.184034833,"unit":"ns"},"change":{"mean":{"estimate":0.09791457455275165,"lower_bound":0.09756920421590991,"upper_bound":0.09833408052576538,"unit":"%"},"median":{"estimate":0.09779518384087482,"lower_bound":0.09746595721740081,"upper_bound":0.09824737213702295,"unit":"%"},"change":"Regressed"}}
{"reason":"group-complete","group_name":"exponentiate","benchmarks":["exponentiate/witness","exponentiate/prove","exponentiate/verify"],"report_directory":"/home/ec2-user/zk-Harness/zk-Harness/frameworks/starky_circuits/target/criterion/reports/exponentiate"}
