{"reason":"benchmark-complete","id":"exponentiate/witness","report_directory":"/home/ec2-user/zk-Harness/zk-Harness/frameworks/starky_circuits/target/criterion/reports/exponentiate/witness","iteration_count":[350,700,1050,1400,1750,2100,2450,2800,3150,3500],"measured_values":[91050574.0,182519720.0,273600301.0,363475977.0,456112859.0,546809692.0,638335021.0,727739171.0,819294251.0,911951612.0],"unit":"ns","throughput":[],"typical":{"estimate":260301.59677922077,"lower_bound":260069.62447580698,"upper_bound":260521.79525810323,"unit":"ns"},"mean":{"estimate":260320.86241893424,"lower_bound":260095.52928809525,"upper_bound":260522.51142458053,"unit":"ns"},"median":{"estimate":260465.23707482993,"lower_bound":260025.67196428572,"upper_bound":260596.76142857142,"unit":"ns"},"median_abs_dev":{"estimate":332.03005936242283,"lower_bound":20.922168428550965,"upper_bound":622.9324525407302,"unit":"ns"},"slope":{"estimate":260301.59677922077,"lower_bound":260069.62447580698,"upper_bound":260521.79525810323,"unit":"ns"},"change":{"mean":{"estimate":0.611022013230099,"lower_bound":0.608153455976427,"upper_bound":0.6136929050983765,"unit":"%"},"median":{"estimate":0.6122390355177278,"lower_bound":0.6076989482841544,"upper_bound":0.6147113976218892,"unit":"%"},"change":"Regressed"}}
{"reason":"benchmark-complete","id":"exponentiate/prove","report_directory":"/home/ec2-user/zk-Harness/zk-Harness/frameworks/starky_circuits/target/criterion/reports/exponentiate/prove","iteration_count":[2,4,6,8,10,12,14,16,18,20],"measured_values":[136334004.0,177940397.0,242418657.0,385605939.0,284986645.0,454467025.0,824606442.0,730752227.0,815754553.0,1086779235.0],"unit":"ns","throughput":[],"typical":{"estimate":47716202.77532467,"lower_bound":40798994.00729927,"upper_bound":52747270.78851416,"unit":"ns"},"mean":{"estimate":47185800.31775794,"lower_bound":40721380.22638889,"upper_bound":53998749.50496032,"unit":"ns"},"median":{"estimate":45495855.78819445,"lower_bound":40403109.5,"upper_bound":54338961.75,"unit":"ns"},"median_abs_dev":{"estimate":9426630.082495948,"lower_bound":1141032.465721786,"upper_bound":19155412.011348456,"unit":"ns"},"slope":{"estimate":47716202.77532467,"lower_bound":40798994.00729927,"upper_bound":52747270.78851416,"unit":"ns"},"change":{"mean":{"estimate":-0.5228727225518832,"lower_bound":-0.6051659378939944,"upper_bound":-0.4215672002939682,"unit":"%"},"median":{"estimate":-0.5267540277625349,"lower_bound":-0.6260593148785358,"upper_bound":-0.386699762748827,"unit":"%"},"change":"Improved"}}
{"reason":"benchmark-complete","id":"exponentiate/verify","report_directory":"/home/ec2-user/zk-Harness/zk-Harness/frameworks/starky_circuits/target/criterion/reports/exponentiate/verify","iteration_count":[20,40,60,80,100,120,140,160,180,200],"measured_values":[91162730.0,182185465.0,273417855.0,364489232.0,455765623.0,546573708.0,637835850.0,728980056.0,820302434.0,911025396.0],"unit":"ns","throughput":[],"typical":{"estimate":4556062.568831169,"lower_bound":4555384.016842392,"upper_bound":4556844.386494253,"unit":"ns"},"mean":{"estimate":4556274.833658731,"lower_bound":4555572.778373016,"upper_bound":4556973.896888889,"unit":"ns"},"median":{"estimate":4556120.375,"lower_bound":4555126.98,"upper_bound":4557310.24,"unit":"ns"},"median_abs_dev":{"estimate":1563.2270549137527,"lower_bound":122.27213782830853,"upper_bound":2092.856655344091,"unit":"ns"},"slope":{"estimate":4556062.568831169,"lower_bound":4555384.016842392,"upper_bound":4556844.386494253,"unit":"ns"},"change":{"mean":{"estimate":0.14707454731452851,"lower_bound":0.1468208280792028,"upper_bound":0.14734319688576333,"unit":"%"},"median":{"estimate":0.14704396576882606,"lower_bound":0.14666942002258043,"upper_bound":0.1474664450270875,"unit":"%"},"change":"Regressed"}}
{"reason":"group-complete","group_name":"exponentiate","benchmarks":["exponentiate/witness","exponentiate/prove","exponentiate/verify"],"report_directory":"/home/ec2-user/zk-Harness/zk-Harness/frameworks/starky_circuits/target/criterion/reports/exponentiate"}
