{"reason":"benchmark-complete","id":"exponentiate/witness","report_directory":"/home/ec2-user/zk-Harness/frameworks/starky_circuits/target/criterion/reports/exponentiate/witness","iteration_count":[432,864,1296,1728,2160,2592,3024,3456,3888,4320],"measured_values":[91354329.0,182729627.0,273823516.0,365134606.0,456278992.0,548011136.0,638820713.0,730383498.0,820850416.0,912147796.0],"unit":"ns","throughput":[],"typical":{"estimate":211232.73815536316,"lower_bound":211167.47788830148,"upper_bound":211335.7283413288,"unit":"ns"},"mean":{"estimate":211307.10822953406,"lower_bound":211233.5983052478,"upper_bound":211381.37064857528,"unit":"ns"},"median":{"estimate":211294.1630015432,"lower_bound":211214.45015432098,"upper_bound":211424.04938271604,"unit":"ns"},"median_abs_dev":{"estimate":136.232633877668,"lower_bound":32.100577393050635,"upper_bound":233.74186708864045,"unit":"ns"},"slope":{"estimate":211232.73815536316,"lower_bound":211167.47788830148,"upper_bound":211335.7283413288,"unit":"ns"},"change":{"mean":{"estimate":1.312026567989371,"lower_bound":1.3105000095983141,"upper_bound":1.3135161630690768,"unit":"%"},"median":{"estimate":1.3111484931837762,"lower_bound":1.3098927641499314,"upper_bound":1.3144155711421837,"unit":"%"},"change":"Regressed"}}
{"reason":"benchmark-complete","id":"exponentiate/prove","report_directory":"/home/ec2-user/zk-Harness/frameworks/starky_circuits/target/criterion/reports/exponentiate/prove","iteration_count":[2,4,6,8,10,12,14,16,18,20],"measured_values":[175802636.0,314421656.0,403932303.0,510076982.0,864172201.0,843748189.0,1041955396.0,1163556908.0,1310424893.0,1586787266.0],"unit":"ns","throughput":[],"typical":{"estimate":74940182.67142858,"lower_bound":71441253.23875433,"upper_bound":78125273.77451958,"unit":"ns"},"mean":{"estimate":75360641.2856349,"lower_bound":70925334.44722222,"upper_bound":80039095.94785716,"unit":"ns"},"median":{"estimate":73613384.18650794,"lower_bound":70022178.625,"upper_bound":82511317.05,"unit":"ns"},"median_abs_dev":{"estimate":7945259.876516766,"lower_bound":1262492.202011286,"upper_bound":14136362.036799407,"unit":"ns"},"slope":{"estimate":74940182.67142858,"lower_bound":71441253.23875433,"upper_bound":78125273.77451958,"unit":"ns"},"change":{"mean":{"estimate":-0.6562706290543621,"lower_bound":-0.6974522678688179,"upper_bound":-0.5930493343754174,"unit":"%"},"median":{"estimate":-0.6909421438004868,"lower_bound":-0.7131824983433719,"upper_bound":-0.5875060757473071,"unit":"%"},"change":"Improved"}}
{"reason":"benchmark-complete","id":"exponentiate/verify","report_directory":"/home/ec2-user/zk-Harness/frameworks/starky_circuits/target/criterion/reports/exponentiate/verify","iteration_count":[17,34,51,68,85,102,119,136,153,170],"measured_values":[94070982.0,188151571.0,282087465.0,376272746.0,470293285.0,564429854.0,658429042.0,752331654.0,846405640.0,940602651.0],"unit":"ns","throughput":[],"typical":{"estimate":5532636.645989304,"lower_bound":5532190.331751008,"upper_bound":5533125.27482734,"unit":"ns"},"mean":{"estimate":5532838.194169001,"lower_bound":5532296.594985994,"upper_bound":5533332.289942226,"unit":"ns"},"median":{"estimate":5532986.965126051,"lower_bound":5532063.006535947,"upper_bound":5533587.176470588,"unit":"ns"},"median_abs_dev":{"estimate":918.6677407485116,"lower_bound":114.88903913683463,"upper_bound":1388.072112611037,"unit":"ns"},"slope":{"estimate":5532636.645989304,"lower_bound":5532190.331751008,"upper_bound":5533125.27482734,"unit":"ns"},"change":{"mean":{"estimate":0.15241209862289828,"lower_bound":0.15222787400860874,"upper_bound":0.15258509329337339,"unit":"%"},"median":{"estimate":0.15247698837239398,"lower_bound":0.15223299027736537,"upper_bound":0.15268316457833464,"unit":"%"},"change":"Regressed"}}
{"reason":"group-complete","group_name":"exponentiate","benchmarks":["exponentiate/witness","exponentiate/prove","exponentiate/verify"],"report_directory":"/home/ec2-user/zk-Harness/frameworks/starky_circuits/target/criterion/reports/exponentiate"}
