{"reason":"benchmark-complete","id":"exponentiate/witness","report_directory":"/home/ec2-user/zk-Harness/frameworks/starky_circuits/target/criterion/reports/exponentiate/witness","iteration_count":[353,706,1059,1412,1765,2118,2471,2824,3177,3530],"measured_values":[91507142.0,182621408.0,274452322.0,366964397.0,457008292.0,549468482.0,645577052.0,739098978.0,829131330.0,931609677.0],"unit":"ns","throughput":[],"typical":{"estimate":261505.66051285825,"lower_bound":259980.17391192378,"upper_bound":262695.73043202236,"unit":"ns"},"mean":{"estimate":260317.883213274,"lower_bound":259439.24160528803,"upper_bound":261357.38897342506,"unit":"ns"},"median":{"estimate":259658.89459395656,"lower_bound":259077.6209631728,"upper_bound":261349.9654154863,"unit":"ns"},"median_abs_dev":{"estimate":1274.3160623763636,"lower_bound":209.1385962870474,"upper_bound":2855.4689493053183,"unit":"ns"},"slope":{"estimate":261505.66051285825,"lower_bound":259980.17391192378,"upper_bound":262695.73043202236,"unit":"ns"},"change":{"mean":{"estimate":0.5498147264819044,"lower_bound":0.5252453926372942,"upper_bound":0.5732827017119174,"unit":"%"},"median":{"estimate":0.5712231154294534,"lower_bound":0.5067939010841458,"upper_bound":0.5850554043028922,"unit":"%"},"change":"Regressed"}}
{"reason":"benchmark-complete","id":"exponentiate/prove","report_directory":"/home/ec2-user/zk-Harness/frameworks/starky_circuits/target/criterion/reports/exponentiate/prove","iteration_count":[2,4,6,8,10,12,14,16,18,20],"measured_values":[108795540.0,151533462.0,313553878.0,398205483.0,524489813.0,624532658.0,742269135.0,912700857.0,1060936764.0,1208013488.0],"unit":"ns","throughput":[],"typical":{"estimate":56416944.935064934,"lower_bound":52445622.73046875,"upper_bound":58510764.2375,"unit":"ns"},"mean":{"estimate":52821380.3232738,"lower_bound":48840039.247023806,"upper_bound":56043415.44291667,"unit":"ns"},"median":{"estimate":52734102.61428571,"lower_bound":51017332.52083333,"upper_bound":57043803.5625,"unit":"ns"},"median_abs_dev":{"estimate":3426351.271682605,"lower_bound":318153.3522516489,"upper_bound":8538758.63036924,"unit":"ns"},"slope":{"estimate":56416944.935064934,"lower_bound":52445622.73046875,"upper_bound":58510764.2375,"unit":"ns"},"change":{"mean":{"estimate":-0.6815027621509174,"lower_bound":-0.7243638129036972,"upper_bound":-0.6329988933810872,"unit":"%"},"median":{"estimate":-0.6793708860929237,"lower_bound":-0.711962934032516,"upper_bound":-0.611090800315601,"unit":"%"},"change":"Improved"}}
{"reason":"benchmark-complete","id":"exponentiate/verify","report_directory":"/home/ec2-user/zk-Harness/frameworks/starky_circuits/target/criterion/reports/exponentiate/verify","iteration_count":[20,40,60,80,100,120,140,160,180,200],"measured_values":[91255630.0,182415892.0,273719189.0,364171440.0,454905400.0,546073026.0,636803170.0,727930045.0,819069496.0,910020596.0],"unit":"ns","throughput":[],"typical":{"estimate":4550362.320909091,"lower_bound":4549677.260621762,"upper_bound":4551729.454611651,"unit":"ns"},"mean":{"estimate":4553561.675490079,"lower_bound":4550458.771726588,"upper_bound":4557135.792916667,"unit":"ns"},"median":{"estimate":4550497.319444444,"lower_bound":4549562.78125,"upper_bound":4560397.3,"unit":"ns"},"median_abs_dev":{"estimate":2289.8756593465805,"lower_bound":374.77903434656304,"upper_bound":9184.016501325837,"unit":"ns"},"slope":{"estimate":4550362.320909091,"lower_bound":4549677.260621762,"upper_bound":4551729.454611651,"unit":"ns"},"change":{"mean":{"estimate":0.1446448017652322,"lower_bound":0.14381793722912867,"upper_bound":0.14566972154741803,"unit":"%"},"median":{"estimate":0.14395030309625922,"lower_bound":0.14354157069752205,"upper_bound":0.1465930115780969,"unit":"%"},"change":"Regressed"}}
{"reason":"group-complete","group_name":"exponentiate","benchmarks":["exponentiate/witness","exponentiate/prove","exponentiate/verify"],"report_directory":"/home/ec2-user/zk-Harness/frameworks/starky_circuits/target/criterion/reports/exponentiate"}
