{"reason":"benchmark-complete","id":"exponentiate/witness","report_directory":"/home/ec2-user/zk-Harness/frameworks/starky_circuits/target/criterion/reports/exponentiate/witness","iteration_count":[556,1112,1668,2224,2780,3336,3892,4448,5004,5560],"measured_values":[91752094.0,182809912.0,276048026.0,365217143.0,457726925.0,549619377.0,669834587.0,773669817.0,875153695.0,946324283.0],"unit":"ns","throughput":[],"typical":{"estimate":170749.14596374848,"lower_bound":167319.03770993123,"upper_bound":172966.55573784874,"unit":"ns"},"mean":{"estimate":167967.09875392544,"lower_bound":165527.30072841726,"upper_bound":170619.65601518785,"unit":"ns"},"median":{"estimate":165259.0851318945,"lower_bound":164575.70638489208,"upper_bound":172105.49511819117,"unit":"ns"},"median_abs_dev":{"estimate":1411.751049621705,"lower_bound":268.4419244608346,"upper_bound":6807.0239608283355,"unit":"ns"},"slope":{"estimate":170749.14596374848,"lower_bound":167319.03770993123,"upper_bound":172966.55573784874,"unit":"ns"},"change":{"mean":{"estimate":0.39226409777082516,"lower_bound":0.3545032118834231,"upper_bound":0.42754623198999525,"unit":"%"},"median":{"estimate":0.39569479082284875,"lower_bound":0.3449981768189785,"upper_bound":0.4549206183839334,"unit":"%"},"change":"Regressed"}}
{"reason":"benchmark-complete","id":"exponentiate/prove","report_directory":"/home/ec2-user/zk-Harness/frameworks/starky_circuits/target/criterion/reports/exponentiate/prove","iteration_count":[1,2,3,4,5,6,7,8,9,10],"measured_values":[242103884.0,247682663.0,427908125.0,514215004.0,811781705.0,1021832290.0,1166095754.0,1596547381.0,1568387272.0,1482409515.0],"unit":"ns","throughput":[],"typical":{"estimate":166604118.93506494,"lower_bound":151769259.14855072,"upper_bound":181938529.54545453,"unit":"ns"},"mean":{"estimate":165845646.51170632,"lower_bound":146773866.03392857,"upper_bound":187854362.49305555,"unit":"ns"},"median":{"estimate":164470724.35714287,"lower_bound":138397351.25,"upper_bound":184936902.1458333,"unit":"ns"},"median_abs_dev":{"estimate":28217180.39649493,"lower_bound":5870904.310903966,"upper_bound":55802496.015370175,"unit":"ns"},"slope":{"estimate":166604118.93506494,"lower_bound":151769259.14855072,"upper_bound":181938529.54545453,"unit":"ns"},"change":{"mean":{"estimate":0.14760190065363954,"lower_bound":-0.10389028846597154,"upper_bound":0.56883781781177,"unit":"%"},"median":{"estimate":0.1645226912150941,"lower_bound":-0.20060830164952637,"upper_bound":0.9522577494616462,"unit":"%"},"change":"NoChange"}}
{"reason":"benchmark-complete","id":"exponentiate/verify","report_directory":"/home/ec2-user/zk-Harness/frameworks/starky_circuits/target/criterion/reports/exponentiate/verify","iteration_count":[23,46,69,92,115,138,161,184,207,230],"measured_values":[91543838.0,182904374.0,274450328.0,366117865.0,457464850.0,549107782.0,640426651.0,731875317.0,823471479.0,914824501.0],"unit":"ns","throughput":[],"typical":{"estimate":3977936.011970638,"lower_bound":3977629.338446704,"upper_bound":3978415.3280757098,"unit":"ns"},"mean":{"estimate":3978143.847303313,"lower_bound":3977487.0520134578,"upper_bound":3978827.1224327125,"unit":"ns"},"median":{"estimate":3977880.251552795,"lower_bound":3977540.9855072466,"upper_bound":3979041.8985507246,"unit":"ns"},"median_abs_dev":{"estimate":534.9866848499437,"lower_bound":94.64413288478505,"upper_bound":2120.010527579751,"unit":"ns"},"slope":{"estimate":3977936.011970638,"lower_bound":3977629.338446704,"upper_bound":3978415.3280757098,"unit":"ns"},"change":{"mean":{"estimate":0.15489104111385887,"lower_bound":0.1545077904888159,"upper_bound":0.15530748649789627,"unit":"%"},"median":{"estimate":0.1545189939014,"lower_bound":0.1543759408909633,"upper_bound":0.1555163370178021,"unit":"%"},"change":"Regressed"}}
{"reason":"group-complete","group_name":"exponentiate","benchmarks":["exponentiate/witness","exponentiate/prove","exponentiate/verify"],"report_directory":"/home/ec2-user/zk-Harness/frameworks/starky_circuits/target/criterion/reports/exponentiate"}
